{"cameraMode":{"drawMode":0,"name":"Shaded","section":"Shading Mode"},"sceneLighting":false,"audioPlay":false,"sceneViewState":{"m_AlwaysRefresh":false,"showFog":true,"showSkybox":false,"showFlares":true,"showImageEffects":true,"showParticleSystems":true,"showVisualEffectGraphs":true,"m_FxEnabled":true},"in2DMode":false,"pivot":{"x":-0.37329167127609255,"y":0.21174544095993043,"z":-0.9274274706840515},"rotation":{"x":-0.10546337068080902,"y":-0.5491737127304077,"z":0.06998860090970993,"w":-0.8261878490447998},"size":0.7551542520523071,"orthographic":false}