{"cameraMode":{"drawMode":0,"name":"Shaded","section":"Shading Mode"},"sceneLighting":false,"audioPlay":false,"sceneViewState":{"m_AlwaysRefresh":false,"showFog":true,"showSkybox":false,"showFlares":true,"showImageEffects":true,"showParticleSystems":true,"showVisualEffectGraphs":true,"m_FxEnabled":true},"in2DMode":false,"pivot":{"x":1.4604281187057496,"y":0.44018858671188357,"z":0.5061335563659668},"rotation":{"x":0.18939140439033509,"y":-0.6599082350730896,"z":0.18953490257263184,"w":0.7019815444946289},"size":1.72609281539917,"orthographic":false}