{"cameraMode":{"drawMode":0,"name":"Shaded","section":"Shading Mode"},"sceneLighting":false,"audioPlay":false,"sceneViewState":{"m_AlwaysRefresh":false,"showFog":true,"showSkybox":false,"showFlares":true,"showImageEffects":true,"showParticleSystems":true,"showVisualEffectGraphs":true,"m_FxEnabled":true},"in2DMode":false,"pivot":{"x":-0.007004290819168091,"y":0.32551243901252749,"z":-0.04688271880149841},"rotation":{"x":-0.1470603197813034,"y":0.8352907299995422,"z":-0.26880955696105959,"w":-0.4566245973110199},"size":0.32052621245384219,"orthographic":false}