{"cameraMode":{"drawMode":0,"name":"Shaded","section":"Shading Mode"},"sceneLighting":false,"audioPlay":false,"sceneViewState":{"m_AlwaysRefresh":false,"showFog":true,"showSkybox":false,"showFlares":true,"showImageEffects":true,"showParticleSystems":true,"showVisualEffectGraphs":true,"m_FxEnabled":true},"in2DMode":false,"pivot":{"x":0.020031824707984926,"y":-0.16036315262317658,"z":-0.5630227327346802},"rotation":{"x":-0.04934181272983551,"y":0.6898068785667419,"z":-0.04730535298585892,"w":-0.720897912979126},"size":0.26697319746017458,"orthographic":false}