{"cameraMode":{"drawMode":0,"name":"Shaded","section":"Shading Mode"},"sceneLighting":false,"audioPlay":false,"sceneViewState":{"m_AlwaysRefresh":false,"showFog":true,"showSkybox":false,"showFlares":true,"showImageEffects":true,"showParticleSystems":true,"showVisualEffectGraphs":true,"m_FxEnabled":true},"in2DMode":false,"pivot":{"x":0.5694869160652161,"y":0.09401928633451462,"z":0.21835371851921082},"rotation":{"x":-0.08246457576751709,"y":-0.9176934361457825,"z":0.14936509728431703,"w":-0.359218031167984},"size":1.9307475090026856,"orthographic":false}