{"cameraMode":{"drawMode":0,"name":"Shaded","section":"Shading Mode"},"sceneLighting":false,"audioPlay":false,"sceneViewState":{"m_AlwaysRefresh":false,"showFog":true,"showSkybox":false,"showFlares":true,"showImageEffects":true,"showParticleSystems":true,"showVisualEffectGraphs":true,"m_FxEnabled":true},"in2DMode":false,"pivot":{"x":-0.01563338190317154,"y":0.5378236174583435,"z":0.001072034239768982},"rotation":{"x":0.2451152205467224,"y":0.6599751710891724,"z":-0.24233072996139527,"w":0.6675606369972229},"size":0.14810320734977723,"orthographic":false}