{"cameraMode":{"drawMode":0,"name":"Shaded","section":"Shading Mode"},"sceneLighting":false,"audioPlay":false,"sceneViewState":{"m_AlwaysRefresh":false,"showFog":true,"showSkybox":false,"showFlares":true,"showImageEffects":true,"showParticleSystems":true,"showVisualEffectGraphs":true,"m_FxEnabled":true},"in2DMode":false,"pivot":{"x":0.0928836315870285,"y":0.5491102933883667,"z":2.6490352153778078},"rotation":{"x":0.0028624553233385088,"y":0.9971424341201782,"z":-0.054207250475883487,"w":0.052699122577905658},"size":0.8660253882408142,"orthographic":false}