{"cameraMode":{"drawMode":0,"name":"Shaded","section":"Shading Mode"},"sceneLighting":false,"audioPlay":false,"sceneViewState":{"m_AlwaysRefresh":false,"showFog":true,"showSkybox":false,"showFlares":true,"showImageEffects":true,"showParticleSystems":true,"showVisualEffectGraphs":true,"m_FxEnabled":true},"in2DMode":false,"pivot":{"x":3.164048194885254,"y":1.388331413269043,"z":2.6068215370178224},"rotation":{"x":-0.030383847653865815,"y":0.9413624405860901,"z":-0.17681175470352174,"w":-0.2862502634525299},"size":0.8660253882408142,"orthographic":false}