{"cameraMode":{"drawMode":0,"name":"Shaded","section":"Shading Mode"},"sceneLighting":false,"audioPlay":false,"sceneViewState":{"m_AlwaysRefresh":false,"showFog":true,"showSkybox":false,"showFlares":true,"showImageEffects":true,"showParticleSystems":true,"showVisualEffectGraphs":true,"m_FxEnabled":true},"in2DMode":false,"pivot":{"x":6.228056907653809,"y":0.14196307957172395,"z":-1.4948521852493287},"rotation":{"x":0.04439666122198105,"y":-0.9552775025367737,"z":0.19254392385482789,"w":0.22012709081172944},"size":11.84177017211914,"orthographic":false}